model,stage,drop_outliers,MAE,MAE_std,RMSE,RMSE_std,RMSLE,RMSLE_std,R2,R2_std,RMSLE_no_outliers,RMSLE_no_outliers_std,R2_worst_fold,n_negative_preds,fit_time
A: train median,baseline,False,54586.138520230365,2676.5584517340485,78860.09006016146,4111.616735804959,0.3904824494085381,0.018431500335269718,-0.045889815813908455,0.014462739026364396,0.39081644257659537,0.018685588358774975,-0.06873882134240294,0,0.005179688000043825
B1: LinearRegression (5 feats),baseline,False,24633.427828931424,1374.8650752489768,38672.842217921345,5706.451104606076,0.45952746107376025,0.3603982831542567,0.746300109487385,0.059967282243554236,0.45861046313720816,0.35975423139405155,0.6580536808668567,3,0.00762781460007318
"B2: LinearRegression (5 feats, log1p target)",baseline,False,22637.786418650103,2199.889511460804,52625.741377751074,34397.817740287224,0.17814222490280268,0.029048688692024115,0.3857182722237509,0.7583394503584148,0.1593621626841752,0.006936010818988402,-1.1119623755156836,0,0.008560267400025624
Ridge,full,False,17320.56052664811,1405.080340133761,40405.44083611726,24427.407428662736,0.14011502672989606,0.02924477855768155,0.6520617945322125,0.39904183586530556,0.12136088105511819,0.010271390973050043,-0.13163880804859196,0,0.9744037219998972
Ridge,full,True,16408.852668731568,3621.6185316007363,51664.80669336324,46198.77261041795,0.14027502450811152,0.04161528510054259,0.2648692055216112,1.0875992352570447,0.11306501606373276,0.012590769061818857,-1.873141391849693,0,0.5006982950000747
Lasso,full,False,17753.419634182308,1554.743024123342,46554.74154673924,29540.377932037634,0.1458173174875094,0.028076043077443213,0.5251493457311145,0.5502214523086526,0.1221821088940025,0.01319554015048432,-0.5395498142256809,0,2.494968734199938
Lasso,full,True,16462.987611124012,3792.4952124882066,55683.878868046,53644.063308623154,0.14012718219216574,0.04395046881855448,0.08942757401067462,1.4181396968045608,0.11099838284790094,0.010177071563689953,-2.712846206893718,0,1.751347331999932
RandomForest,full,False,16699.480750874667,1104.2405371905172,28976.355535010218,4502.657814306038,0.13651905462033792,0.015176086654639136,0.8571526544441026,0.0379079085500571,0.13219321630512984,0.012259793258678127,0.7950215042682995,0,8.151404243399975
RandomForest,full,True,16789.449327164377,1208.0763353795592,29054.64089681963,5342.91258222526,0.13791908682148363,0.017837135126853323,0.8550917511318537,0.04833720189257117,0.13123743927253317,0.011644794527071891,0.7737187950390653,0,8.213367956599996
HistGradientBoosting,full,False,15899.238411581522,736.3327813540848,27624.779854863435,4850.528229010765,0.12856660126226271,0.016079742435795047,0.8704249313602176,0.035803598218251055,0.1235639397037506,0.01198534569290873,0.8174378452219815,0,5.310779529200045
HistGradientBoosting,full,True,15698.615454597724,1129.3919414502914,27992.552675438208,7402.781934623763,0.1287273303732443,0.02049730717901843,0.8627957892646638,0.06344476621819532,0.12039968430223073,0.013310678905918577,0.7805126814400514,0,5.4159711341999355
