row,actual,predicted,Neighborhood
254,145000,146444.51880963103,NAmes
1066,178000,173139.92179117745,Gilbert
638,85000,85854.73976098653,Edwards
799,175000,147066.55895369948,SWISU
380,127000,154166.69068824913,SWISU
303,149900,137398.2809876437,CollgCr
86,174000,185838.0820636512,Gilbert
1385,125500,112191.82520942757,IDOTRR
265,175500,172695.9223851128,NWAmes
793,225000,235163.6999365548,Somerst
1445,129000,125577.94278944992,Sawyer
808,159950,146932.42424040788,NAmes
1099,157000,160269.2514173131,NWAmes
605,205000,194854.6862117142,NAmes
701,140000,148176.5875848389,NWAmes
221,200000,203833.9148690019,Gilbert
113,217000,201961.4087502634,Crawfor
548,125000,128821.95687491607,OldTown
1073,159500,146802.1392276457,Edwards
174,184000,179431.79184749463,Timber
514,96500,89542.08196371133,Crawfor
1350,200000,147541.40142636996,NAmes
1145,149000,138785.74785740205,BrkSide
965,178900,172451.92500608048,Gilbert
936,184900,187564.4176675198,SawyerW
285,164700,170853.5126418466,Somerst
1310,335000,298588.7945076441,Crawfor
342,87500,85250.17352068529,NAmes
1165,233170,230047.48202832966,NridgHt
31,149350,144072.57937987437,Sawyer
873,133000,135538.9083113386,NAmes
210,98000,93816.622261613,Edwards
924,207500,189554.75078590837,NWAmes
405,150000,158818.93332453366,Sawyer
770,134900,131415.95956666922,Sawyer
381,187750,201554.95262432648,Somerst
889,149500,164829.625080186,NAmes
1200,116050,106450.04780438056,NAmes
188,153337,146760.57128029104,SawyerW
893,165000,145408.90281611605,Sawyer
1327,130500,138748.91708254363,Mitchel
420,206300,177769.09382250436,Mitchel
578,146000,160324.49556278018,Somerst
83,126500,132660.68559659034,NAmes
1274,139000,128931.96228979713,Crawfor
48,113000,92228.92188738358,OldTown
155,79000,75700.53078901808,Edwards
973,182000,220537.7516715982,Somerst
1110,188000,193379.70013088273,Gilbert
950,129000,135209.02018144034,NAmes
1030,160000,131751.38825856007,SWISU
1435,174000,166532.95693279192,NAmes
1196,219210,216343.63527112457,Gilbert
1442,310000,321240.39846630784,Somerst
481,374000,327245.50483771146,NridgHt
179,100000,116433.47521842475,OldTown
859,250000,206961.76258763744,NWAmes
1213,145000,132872.53474756514,Sawyer
583,325000,296133.6345975071,OldTown
477,380000,372682.72874916426,NridgHt
1405,275000,271827.77259265346,Crawfor
1146,180000,184803.69953538635,SawyerW
1166,245350,254945.30181307302,CollgCr
346,151500,129506.36976213031,NAmes
1214,134500,133531.70622686011,NAmes
1137,94000,92883.14907641284,Sawyer
1365,216000,199417.05065613808,Somerst
654,350000,410198.96180386445,NoRidge
988,195000,200131.13086704852,NWAmes
243,120000,140947.7142548592,SawyerW
1342,228500,249595.62251424254,CollgCr
1057,248000,208042.6964651089,NoRidge
1418,124000,127231.94578142175,NAmes
1023,191000,188434.9233208916,Blmngtn
810,181000,161997.66235161494,NWAmes
1384,105000,113306.01109381772,Edwards
626,139900,123991.99495165773,NAmes
813,157900,154550.19680569664,NAmes
839,130500,129845.63103297648,Edwards
370,172400,177379.43660949572,Gilbert
54,130000,115253.28128026644,NAmes
534,178000,177033.01054638543,Gilbert
785,161500,162055.31214923246,NWAmes
312,119900,139697.73084014867,OldTown
1174,239000,217215.7418455089,Crawfor
109,190000,182655.73249082992,NWAmes
430,85400,93955.81571537517,BrDale
100,205000,229148.06103936097,NWAmes
513,134000,141655.01987498486,Mitchel
1190,168000,178985.3836109832,Mitchel
266,185000,192374.7561011455,Gilbert
1290,180500,169363.01718210417,NAmes
296,152000,137940.77394379812,IDOTRR
506,215000,215815.37407659343,SawyerW
901,153000,137078.28032494537,NAmes
809,106000,113749.48806917835,OldTown
377,340000,322899.042352235,Somerst
286,159000,175207.98463580207,NAmes
1400,120000,126713.04475181055,BrkSide
1048,115000,145446.0276411984,Mitchel
126,128000,128676.0121336157,NPkVill
618,314813,311535.28357061004,NridgHt
292,131000,145643.12646025856,Edwards
527,446261,459358.0388314399,NridgHt
1255,127500,135508.12525503905,BrkSide
482,155000,184380.68228446593,OldTown
355,177500,180189.51212899873,CollgCr
170,128500,113185.59318796227,OldTown
1195,176000,168158.80290620806,Gilbert
661,402000,454485.9513012085,NoRidge
1234,130000,127336.1379409638,SWISU
209,145000,149731.50955888437,NAmes
485,147000,141858.91193645878,NAmes
140,115000,102543.39182743321,NAmes
1189,189000,197390.44765152707,Gilbert
943,143000,138282.41749366905,Mitchel
621,240000,235222.62044989565,NWAmes
1157,230000,200397.96945142956,NridgHt
1322,190000,214397.93918198475,NoRidge
704,213000,214014.6179902782,CollgCr
1323,82500,68302.86861948307,BrkSide
199,274900,303717.9920470718,NridgHt
493,155000,154189.90660090826,NAmes
664,423000,308213.02603241336,Somerst
1339,128500,127254.91893419772,CollgCr
1058,335000,341254.00987248344,NridgHt
1187,262000,300088.49073764624,NoRidge
10,129500,126154.98275067683,Sawyer
147,222500,206604.01245998152,Gilbert
764,270000,269960.78108065046,Veenker
282,207500,218056.47687653,NridgHt
298,175000,175794.72387046154,NWAmes
918,238000,269982.39583044505,SawyerW
291,135900,139303.50623832387,SWISU
819,224000,230039.76178098848,NridgHt
573,170000,179386.96950517534,Gilbert
1454,185000,193356.96066272032,Somerst
549,263000,236608.2114066406,Somerst
462,62383,122924.99563840954,Sawyer
129,150000,144269.68851046116,NAmes
845,171000,175439.64686435,Sawyer
331,139000,135303.2867469847,NAmes
323,126175,127879.20583883298,OldTown
650,205950,197785.686380411,Somerst
439,110000,136723.5012663729,Edwards
798,485000,437786.3727964432,NridgHt
135,174000,181895.33477451518,NWAmes
1452,145000,130849.10686653719,Edwards
762,215200,207182.15816542567,Somerst
932,320000,277026.7333374357,Somerst
435,212000,202037.0068197435,CollgCr
629,168500,166603.9823056955,NAmes
1210,189000,192160.58270208258,SawyerW
1118,140000,140969.22011386167,Sawyer
1084,187500,184069.21082145206,Gilbert
158,254900,229863.08450888892,Somerst
967,135000,127242.55262809682,NAmes
1259,151000,154562.1863383317,NAmes
551,112500,117876.00034651136,OldTown
497,184000,180396.90091649597,BrkSide
1031,197000,206053.62785922742,SWISU
1262,161500,144120.60126411327,ClearCr
1013,85000,107952.89615310861,OldTown
1311,203000,203936.7886413834,CollgCr
566,325000,295831.9257307157,StoneBr
610,313000,300228.71813017875,CollgCr
1278,237000,262418.4637755845,CollgCr
1263,180500,176442.0021770137,BrkSide
816,137000,133236.43192739823,NAmes
438,90350,96333.02148560167,Crawfor
940,150900,164728.38955487925,Mitchel
96,214000,226406.7457824648,CollgCr
560,121500,169820.03363370124,Sawyer
1182,745000,417072.22695105267,NoRidge
471,190000,189262.9610690325,NWAmes
1004,181000,187435.33416195662,Blmngtn
410,60000,108080.0408501642,Edwards
963,239000,263554.09709189716,CollgCr
582,118500,129126.25148984055,Edwards
156,109500,109720.6318964501,NAmes
594,110000,116356.46996371694,CollgCr
617,105500,109038.43000707624,NAmes
447,199900,196181.22082311212,Gilbert
1205,271900,294553.01972965826,SawyerW
861,131500,141220.8289866193,Sawyer
1010,135000,122168.92779057288,Sawyer
390,119000,117556.6563552585,Edwards
1409,215000,222345.95311914565,NWAmes
847,133500,148328.3141968841,CollgCr
1284,169000,182739.60777778184,SWISU
615,137500,133882.57333123995,NAmes
613,147000,114665.51177226537,Mitchel
1303,232000,222939.05034302923,Somerst
486,156000,148494.33867594393,NAmes
561,170000,157619.9593327259,Mitchel
308,82500,101106.71410823759,Edwards
461,155000,140857.43832836451,SWISU
1142,424870,436987.6430188897,CollgCr
730,236500,254623.31960472322,StoneBr
1155,218000,198022.28883310422,Veenker
1203,213000,221537.00203659022,CollgCr
700,312500,321762.8162143048,Timber
849,187000,184303.75876388143,Veenker
1260,181000,199775.96830645224,Gilbert
787,233000,218361.46357229332,SawyerW
352,95000,84425.21325697313,Edwards
710,52000,83259.59645664111,BrkSide
124,181000,172750.12694662204,NWAmes
178,501837,401321.3794757469,StoneBr
287,88000,91622.43630129643,NAmes
1407,112000,118413.92651385079,Mitchel
1208,140000,138579.30074128593,NAmes
294,167000,160743.9874506129,NAmes
327,145250,150975.41300645677,NAmes
1456,210000,194839.1263340054,NWAmes
841,157500,139322.08457967362,OldTown
1121,212900,224468.78575346433,CollgCr
931,117500,119000.6177727028,NAmes
236,185500,179987.76264177222,CollgCr
88,85000,71596.65594096822,IDOTRR
886,145000,158440.5910966243,NAmes
552,255500,251288.41191650962,NridgHt
630,124000,117866.64641172173,OldTown
1352,134900,128925.65144067923,BrkSide
665,230500,254357.47852327756,Gilbert
900,110000,115341.87719832783,NAmes
290,233230,241538.47413327981,CollgCr
1382,157000,149731.64545692343,OldTown
570,142600,131876.18151066027,NAmes
348,154000,186233.28753428865,NridgHt
544,179665,195129.1201261168,Gilbert
1376,91000,79656.6444999443,SWISU
660,197900,202354.96986959162,NWAmes
1111,205000,182883.62641155612,NWAmes
458,161000,145300.47845129995,OldTown
1005,149900,129670.4504637025,CollgCr
333,207000,201128.56468803657,NridgHt
721,143000,132882.58447413327,CollgCr
1289,281000,267116.06109535776,NridgHt
678,372500,336263.32429980626,StoneBr
1354,235000,225538.2970124351,CollgCr
328,214500,177387.43088675654,BrkSide
318,260000,345731.215803616,NoRidge
1438,149700,156838.53908676672,OldTown
908,131000,130824.58458389336,Mitchel
12,144000,139879.8568740186,Sawyer
171,215000,195178.2758810582,NAmes
260,176000,173689.21545913644,NAmes
778,144000,133968.75861583927,SawyerW
818,155000,146123.80487665578,ClearCr
759,290000,318977.2683915236,NoRidge
138,230000,237738.35952240258,CollgCr
1209,290000,283786.4931314525,Somerst
885,328900,290418.145988065,Somerst
741,142000,137804.87237221855,Sawyer
139,231500,204370.95250493285,CollgCr
1276,162000,157640.99559235977,NWAmes
1081,133000,132559.0630653126,Sawyer
224,386250,365787.00617009203,NridgHt
1063,110500,132716.67153174937,OldTown
409,339750,320574.59448742267,Somerst
325,87000,84623.65600530662,IDOTRR
299,158500,158765.6379689266,Crawfor
1242,170000,189971.77638405457,NWAmes
705,55000,68532.95820229154,IDOTRR
1235,138887,142366.7349441508,Crawfor
1355,170000,187956.84930398123,NWAmes
903,240000,262590.0003205791,Gilbert
829,147400,154377.01894979493,Somerst
503,289000,276787.0568849471,Crawfor
1336,135000,136837.14519909947,NWAmes
3,140000,161796.27862497888,Crawfor
1313,333168,332033.3181249895,NoRidge
467,146500,149569.959336231,NAmes
321,354000,353175.2225021535,NridgHt
5,143000,164578.96179391554,Mitchel
1239,265900,227678.2390388679,Timber
1093,146000,157252.7528612677,NAmes
715,165000,140321.3106565402,NWAmes
39,82000,74403.26248470864,Edwards
542,213250,212301.866105544,NWAmes
242,79000,88818.8495548664,OldTown
136,143000,147171.94070533614,NAmes
714,130500,174841.33835885173,Sawyer
737,239900,224442.2524860791,Gilbert
1301,177500,153450.4857539204,Crawfor
1043,262280,254019.978029833,SawyerW
1330,227000,230743.87218992203,Somerst
1103,159500,155237.45912798605,NAmes
752,217000,204802.25918302403,CollgCr
1353,410000,389689.07970057253,NoRidge
376,148000,134757.76479288304,CollgCr
314,178000,160197.29066184626,OldTown
442,162900,153030.80296017116,BrkSide
319,187500,211347.70538105903,NWAmes
767,160000,192791.41513704992,Mitchel
756,212000,220234.01690952762,CollgCr
424,139000,139175.73275963703,NAmes
553,108000,112719.81544661672,Edwards
1035,84000,78281.7094749499,Edwards
953,172000,156026.00261706262,Mitchel
1185,104900,123854.93663659791,Edwards
596,114504,99041.43151652269,OldTown
227,106000,94074.31033398779,BrDale
1106,179900,177055.08053949662,SawyerW
771,102000,112667.3542463868,Edwards
933,190000,203142.97128868036,CollgCr
1417,340000,340462.6148246786,NoRidge
66,180000,252091.27912336658,NAmes
999,206000,188011.09629704556,CollgCr
579,131500,126141.30630580786,OldTown
942,150000,148870.16696838566,Edwards
211,186000,177608.4751332085,Edwards
1148,116900,123454.73618351227,OldTown
745,299800,359973.82430793776,NWAmes
536,188000,209391.90914703853,CollgCr
1286,143000,160503.40067396482,NWAmes
1295,138500,134758.52056293417,NAmes
85,260000,272144.26924344286,NoRidge
1314,119000,122375.75740043145,Edwards
974,167500,190187.57353666873,BrkSide
976,85500,84268.24076760997,BrkSide
631,209500,247904.73577368387,NridgHt
1315,206900,186191.0989712719,NAmes
1383,112000,150936.6048460236,Sawyer
1401,193000,186587.59090498413,Gilbert
949,197500,178491.507054153,NWAmes
273,139000,162591.25499246214,NAmes
1034,119750,120977.16957987064,Crawfor
362,198500,182948.0557268623,Edwards
622,135000,123784.72967629894,Sawyer
2,223500,212641.65891940385,CollgCr
6,307000,290965.11076188827,Somerst
311,132000,128578.28757337344,NAmes
668,168000,157563.5927559024,Sawyer
1037,287000,284536.31226984283,CollgCr
1439,197000,178390.38749715147,NWAmes
215,134450,131559.78780622876,NAmes
1119,133700,123849.86548215167,NAmes
27,306000,328799.05212509306,NridgHt
1055,180000,161462.74819919164,NWAmes
824,232600,226566.66766853043,Somerst
1415,175900,224118.27280843386,Blmngtn
1198,178000,175432.11855627352,CollgCr
1280,227000,224494.4028904566,CollgCr
624,165150,164547.10050439186,NWAmes
807,223500,206863.41561966095,BrkSide
256,207500,203953.66518181347,Somerst
25,256300,232473.18195057745,NridgHt
336,377426,356267.78275389643,StoneBr
572,224500,221951.55500027578,Timber
47,249700,273252.48656373983,Somerst
106,100000,107538.26543135667,OldTown
349,437154,412991.49699768494,NridgHt
55,180500,165677.6401059943,NAmes
1443,121000,97684.24780286991,BrkSide
213,156000,150831.1585087172,CollgCr
120,180000,156573.3714812784,ClearCr
1206,107000,121730.56784889565,SawyerW
1388,377500,343759.4260293663,Gilbert
72,185000,196539.8821404441,Gilbert
743,175000,156232.6892860674,Sawyer
1188,195000,190256.64024049777,CollgCr
45,319900,263056.81817068654,NridgHt
1230,190000,158815.77962496868,Sawyer
523,184750,374445.1112805392,Edwards
826,109500,102910.68807868048,BrkSide
867,129000,137588.79553106133,Sawyer
1199,148000,134787.22728828393,Sawyer
757,158900,167538.463191442,Sawyer
533,39300,62533.4722672888,BrkSide
603,151000,155675.26096643685,Somerst
465,178740,177234.67744505196,Blmngtn
1391,124000,120319.91836045642,NAmes
1244,230000,193624.55627664842,Crawfor
1080,145000,176209.69871737092,NWAmes
904,125500,121413.12340612545,Sawyer
60,158000,171221.11933376527,SawyerW
92,163500,143858.035381696,Crawfor
666,129000,170789.07784289625,NAmes
727,194500,195673.54789184348,CollgCr
194,127000,118999.3539777802,CollgCr
280,228500,193375.68720430636,SawyerW
359,280000,289635.84113456187,NoRidge
519,234000,284764.4824597664,Crawfor
1455,175000,183278.06235824167,Gilbert
923,193000,195953.89392047463,SawyerW
182,120000,112477.92098652406,Edwards
987,395192,429873.0994831703,NridgHt
110,136900,133943.93422791635,Edwards
42,144000,148028.25092120763,SawyerW
1236,175500,167263.92726912137,NridgHt
204,110000,114858.31651759923,OldTown
983,255900,259758.55541691408,CollgCr
52,110000,109737.39398731657,IDOTRR
545,229000,244248.012280137,NWAmes
945,124900,151024.50309814996,OldTown
852,164000,161355.9577992537,Crawfor
1413,257000,257587.15178170498,SawyerW
1375,239000,253887.69203078913,Timber
183,200000,225110.90192635142,OldTown
137,171000,215965.00935725457,Mitchel
926,285000,299603.4774627542,NridgHt
80,193500,205932.24160985148,NAmes
1364,144152,150829.2333670552,Somerst
105,250000,247239.748526826,Somerst
541,248000,265825.7252573676,NoRidge
706,302000,306615.9974244743,ClearCr
480,326000,336785.7693822392,NridgHt
165,127500,141977.9570207349,Edwards
248,180000,188864.00688059398,CollgCr
307,89500,98150.87228863801,IDOTRR
446,190000,197854.78183361428,NAmes
712,189000,192122.12441258994,StoneBr
334,192000,205597.2585376341,Gilbert
97,94750,124316.69544278775,Edwards
724,320000,309427.21534441574,Edwards
905,128000,124589.99601406301,NAmes
899,135000,140810.28144155472,Sawyer
102,118964,119472.49755513166,SawyerW
434,81000,86748.06629790884,MeadowV
1007,88000,85884.49471916884,MeadowV
1305,325000,315663.4926892707,NridgHt
834,139950,134761.26567436304,NAmes
1324,147000,305666.73693877546,Somerst
302,205000,234994.2124568323,CollgCr
1229,127000,146217.40042622745,NAmes
1191,174000,165645.96389404524,Somerst
388,191000,205825.70300535904,CollgCr
235,89500,93416.55566261543,BrDale
1212,113000,82551.15165782126,Edwards
267,179500,169975.03529273905,SWISU
305,305900,337442.1688185187,CollgCr
117,155000,139685.2933391037,Edwards
1179,93000,101652.05165097532,Edwards
673,257500,248017.86654710484,Crawfor
249,277000,256398.75892260147,ClearCr
1065,328000,282179.5265319634,ClearCr
1052,165000,159553.61984278407,NAmes
71,129500,127284.21606668597,Mitchel
94,204750,203535.71013875038,CollgCr
1440,191000,187897.00595932233,Crawfor
33,165500,179349.20284932494,NAmes
1167,173000,192323.80633980007,Gilbert
448,119500,125240.22940146191,IDOTRR
445,127500,151676.6804845282,Edwards
716,159500,205221.1599557938,OldTown
844,153900,145394.10628617357,OldTown
1112,129900,120394.08490787484,NAmes
858,152000,147201.24556932555,NWAmes
997,185000,154472.15175222684,NWAmes
77,127000,120091.37733880279,BrkSide
84,168500,177540.57230250508,Gilbert
792,269790,234384.1384892452,NoRidge
82,245000,239249.31082721974,Somerst
457,256000,206168.56832636427,ClearCr
970,135000,83248.22700260249,NAmes
676,87000,110075.4149301249,OldTown
938,239799,258895.5784693306,CollgCr
1050,176485,203207.95105198058,Gilbert
436,116000,116862.12237412606,OldTown
644,370878,350074.2824964314,Somerst
780,176000,163472.2569385171,Gilbert
862,152000,145285.78079468285,SawyerW
1357,149900,159226.85302857598,NAmes
404,168000,172604.31161317547,Gilbert
1270,260000,222650.0996435694,ClearCr
941,214000,219314.86651396757,Gilbert
944,137500,150711.21186482641,Timber
104,169500,161873.4082949783,IDOTRR
609,118500,117889.99293415956,Sawyer
1068,151400,178690.1962560982,MeadowV
993,173900,178904.52030380873,CollgCr
888,268000,364625.5485350315,NAmes
62,202500,204329.08835509227,NridgHt
281,185000,187631.24236946303,Somerst
964,214900,223552.42955128266,Timber
238,318000,258354.03931040762,NridgHt
223,97000,111787.45963368229,NAmes
145,130000,136675.30972102654,Edwards
1362,104900,132150.84803965985,NAmes
373,123000,123487.31697150753,NAmes
118,320000,308155.39186147175,SawyerW
1096,127000,117519.3846018838,IDOTRR
250,76500,87760.7686458223,BrkSide
1406,133000,127181.05360816716,CollgCr
9,118000,132781.83641465488,BrkSide
449,120000,129280.36897089683,OldTown
708,179540,187478.37566402458,Gilbert
255,230000,232910.40973635222,Gilbert
593,140000,132882.58447413327,CollgCr
389,426000,444516.53277503885,NridgHt
1202,117000,136271.61261914577,BrkSide
1168,235000,189882.98555160582,Edwards
557,108000,119203.34622501231,IDOTRR
1298,160000,368951.5409732598,Edwards
1424,144000,136907.75762347787,NAmes
460,263435,235068.55573371545,Somerst
723,135000,128434.73111252644,Edwards
1346,262500,246737.13612038034,NWAmes
144,125000,140647.83301215505,Sawyer
501,226700,204655.21767606412,Somerst
1070,135000,133433.9070703382,NAmes
739,190000,195831.54528553496,CollgCr
1349,122000,151504.20085971363,OldTown
731,187500,191973.21055335738,Timber
539,272000,254205.9861919739,CollgCr
177,172500,168789.51622480486,Sawyer
1408,125500,114064.45841007831,OldTown
697,123500,132845.5261982215,Edwards
1402,193879,190807.40784191806,CollgCr
1022,87000,109865.82121551149,OldTown
1116,184100,191231.51132785977,Gilbert
1429,182900,196850.9918713823,NWAmes
1453,84500,139694.68193039673,Mitchel
7,200000,229194.12503833717,NWAmes
820,183000,184955.2494349677,CollgCr
667,193500,203798.6293900345,SawyerW
1389,131000,139106.13878475502,BrkSide
357,134000,154289.8161714748,MeadowV
783,165500,150258.71055471932,Mitchel
985,125000,124308.11687269327,Edwards
329,78000,84403.53196533183,IDOTRR
1444,179600,180777.19475085937,CollgCr
1117,130000,139598.4943311961,Sawyer
1087,252000,259157.21962075707,Somerst
258,231500,201942.14556897242,CollgCr
1144,80000,82586.85831811,Edwards
372,125000,125819.47570085981,SawyerW
1075,219500,182069.50455538693,Crawfor
882,178000,174575.2017877648,Gilbert
142,166000,130081.61173644091,NAmes
525,176000,176609.86716320866,Somerst
1107,274725,210215.7287991017,Gilbert
1335,167900,161677.74774040026,NWAmes
1091,160000,159966.71306313208,Somerst
1387,136000,165228.96246864152,OldTown
440,555000,465305.0209768693,NridgHt
531,128000,131982.42375170294,BrkSide
1169,625000,406635.44237990404,NoRidge
226,290000,257458.37232496307,NoRidge
1000,82000,72747.0560794049,Edwards
228,125000,119593.50474965571,Sawyer
1246,186500,187997.8952663447,Somerst
1319,111000,109673.8952178359,Edwards
212,252678,241431.03637379958,Somerst
79,110000,120508.49719155459,OldTown
148,141000,152571.51682759685,SawyerW
814,116000,117689.82472282261,Edwards
1067,167900,181208.38010776677,NAmes
869,236000,224067.22858429886,SawyerW
671,103600,115547.81964967021,Edwards
1124,163900,175561.37457075412,Gilbert
555,113000,118639.73679777404,BrkSide
864,250580,196698.3495476608,Somerst
133,220000,204822.4913280288,Timber
1079,126000,127508.89317766705,CollgCr
823,139500,136548.16808050618,SWISU
408,280000,248796.95219624613,NridgHt
982,159895,177920.0898525935,Blmngtn
507,208300,182665.9271768642,Somerst
1150,124000,131092.03915483842,NAmes
504,147000,145275.79622317964,NPkVill
986,117000,119847.7617043949,OldTown
347,157500,182603.41001912576,NAmes
386,81000,90524.75395774897,Edwards
0,208500,197199.83153578435,CollgCr
360,156000,145243.39554025658,Mitchel
828,185000,173372.67790203437,ClearCr
1379,167500,151768.66649254374,Timber
475,132500,136176.66892303713,Sawyer
1247,169900,136260.80264424667,Mitchel
57,196500,194456.6981902375,CollgCr
637,93000,113682.05086999176,OldTown
1273,177000,166306.34096027495,Edwards
1026,167500,142016.99606436052,NAmes
909,174000,174068.956634651,Gilbert
172,239000,202430.71446835736,StoneBr
450,110000,110153.92733489386,OldTown
125,84500,81984.66173227652,IDOTRR
934,242000,218853.18860758864,NAmes
530,175000,192355.93651079154,Timber
857,174000,164228.70297246927,Gilbert
713,129000,115252.83282587194,BrkSide
90,109900,102676.80991135714,NAmes
1412,90000,96970.28027040733,NAmes
181,200100,170337.16654699013,Crawfor
875,303477,346797.1662073128,Somerst
1151,149900,136513.89440643546,Edwards
786,139000,120317.31190187678,OldTown
414,228000,231727.0183433977,SawyerW
251,235000,300606.34780772135,Crawfor
69,225000,208871.1672496745,ClearCr
803,582933,411512.95983971923,NridgHt
131,244000,208073.73251426482,Gilbert
300,157000,160444.79014605435,Crawfor
978,110000,101890.9607244786,Edwards
326,324000,319121.84712440224,Veenker
1426,271000,258759.36639136059,NoRidge
1083,160000,148404.3754965799,NAmes
499,120000,123901.58568153,NAmes
968,37900,72266.49999066508,OldTown
832,237000,205880.74167227253,CollgCr
364,190000,185584.2857075127,NWAmes
495,34900,73910.38490213602,IDOTRR
1359,315000,349668.40843769937,NridgHt
338,202500,207732.6252231937,NWAmes
421,215000,211027.333820654,NWAmes
164,152000,152850.0323356434,OldTown
28,207500,190364.3473844342,NAmes
516,158000,162143.57551383413,NWAmes
193,130000,139570.339696139,Edwards
1250,244000,254820.46220385042,NAmes
1326,79000,79075.53844402499,Edwards
1325,55000,60097.35048187667,IDOTRR
169,228000,233303.7500367902,Timber
167,325624,403244.3729091618,NridgHt
652,191000,195128.72497699855,CollgCr
173,163000,152680.3442330547,NAmes
518,211000,198136.53338040214,CollgCr
1181,392500,294669.0564896958,Crawfor
1149,143000,150893.54374965414,OldTown
912,88000,111091.71584285908,BrkSide
491,133000,149006.35086385143,NAmes
73,144900,147963.86618442181,NAmes
1219,91500,100334.06396501903,BrDale
587,137000,135517.44474655145,Sawyer
750,96500,94201.67396113563,OldTown
657,149000,165977.7688901503,Crawfor
842,174900,164240.47363505096,NAmes
234,216500,214751.98511226487,Gilbert
732,222500,220949.46842441414,CollgCr
214,161750,142358.8367250115,CollgCr
162,220000,236284.47820482217,NridgHt
132,150750,152898.1738175947,NAmes
1098,128000,110729.84881007367,BrkSide
222,179900,177085.2424489158,NWAmes
1312,302000,335452.31278849364,NoRidge
185,475000,340760.28575836786,OldTown
41,170000,175432.21788997328,Timber
692,335000,303227.0861691357,Timber
108,115000,120548.778414651,IDOTRR
38,109000,122492.70675715816,NAmes
568,316600,312416.5652556151,SawyerW
947,270000,264198.87938798254,Timber
1233,142000,131884.7699936873,NAmes
1403,282922,261006.27416103965,Somerst
483,164000,162061.43989998137,Mitchel
468,250000,245277.98008436483,NridgHt
890,122900,104181.17260043744,NAmes
24,154000,136891.1114726472,Sawyer
962,155000,163555.06601313996,NPkVill
1100,60000,65461.44323832852,SWISU
68,80000,82576.39604008255,OldTown
884,100000,116066.95291234131,NAmes
1231,132500,148624.05451709536,NAmes
366,159000,168844.38688611262,NAmes
505,124500,119830.35387081436,OldTown
850,131500,139539.97302647267,CollgCr
1281,180000,196952.60178495446,Timber
383,76000,72977.54221443908,SawyerW
734,108000,115925.83105671123,Sawyer
717,157000,162435.30409107305,NWAmes
1300,225000,222701.3300156959,Gilbert
454,188000,144178.67162465295,Mitchel
264,73000,86338.43140078058,OldTown
75,91000,90351.52461025718,MeadowV
914,173733,152604.93053133145,Somerst
232,94500,88828.02370419612,BrDale
444,210000,218961.248912577,CollgCr
395,129000,128760.98148851827,Edwards
611,148000,159425.04510748526,NWAmes
176,211000,214617.68181786564,ClearCr
18,159000,149661.037048232,SawyerW
1277,197900,186982.66427780426,NWAmes
1029,118000,107114.09858932153,BrDale
341,82000,81776.89861698881,SawyerW
1097,170000,152665.37020440536,StoneBr
879,136500,128328.13198305738,CollgCr
595,319000,317615.3170450757,StoneBr
61,101000,87755.73968770097,IDOTRR
1227,147000,145105.2496761379,NAmes
272,290000,289546.4506584747,NoRidge
1176,119500,134851.3903699834,Mitchel
872,116000,124314.55514994155,NAmes
1090,92900,99335.27173616423,NAmes
1370,105000,97657.52321602256,OldTown
278,415298,398303.59123289614,NridgHt
1128,215000,207458.24423551027,Gilbert
694,141500,123975.7221656167,BrkSide
368,132000,138833.0798167974,NAmes
1345,108500,93498.90180358378,OldTown
36,145000,147407.36289991502,CollgCr
735,163000,158779.89914474558,OldTown
1411,140000,130911.09407648997,NAmes
662,110000,142673.16720084118,NAmes
1285,132500,129814.28842341587,BrkSide
1316,295493,280838.216726987,CollgCr
977,199900,190560.88720317662,Somerst
547,129500,120481.70396468122,Mitchel
1161,224000,210351.81317412932,Crawfor
688,392000,212566.09112683104,StoneBr
738,179000,132954.79916447334,Edwards
191,184000,174329.46646376775,NAmes
919,176500,169578.78945189939,NAmes
456,98000,75061.26554713244,OldTown
868,169000,165366.69223945081,Gilbert
393,100000,83074.35219795388,BrkSide
675,148500,155674.03022483658,NPkVill
760,127500,125184.62204476903,NAmes
1436,120500,114903.99267328373,NAmes
728,110000,143184.20047284933,NAmes
419,142000,136491.54103757328,NAmes
375,61000,72177.80628597319,Edwards
412,222000,275497.2079674945,Somerst
74,107400,106751.93650075243,OldTown
1366,193000,204265.03652228805,CollgCr
1141,197500,179437.5456582702,NWAmes
500,113000,106091.98713029585,BrDale
825,385000,367293.72069216374,NridgHt
195,148500,149519.3154540298,NPkVill
1459,147500,145138.31482574088,Edwards
616,183200,189884.02039094782,Gilbert
114,259500,210682.41759245825,Crawfor
417,239000,225227.3380723455,Crawfor
601,141000,135837.28723776448,IDOTRR
969,140000,131546.90566245076,NAmes
921,145900,155093.8374576536,Edwards
604,221000,228101.27491462277,CollgCr
1448,112000,99169.72365719842,Edwards
89,123600,118896.09743682263,CollgCr
848,240000,210006.70870595705,ClearCr
1114,117000,117528.75782494001,OldTown
1395,281213,298798.54445895355,Timber
753,275500,271785.4151286721,NridgHt
498,130000,130516.08636223087,Sawyer
11,345000,336186.4636510039,NridgHt
396,123000,124567.02610314767,CollgCr
284,179200,192972.08572316077,SawyerW
690,141000,144303.29845468086,CollgCr
1197,144000,143463.612598141,OldTown
1367,127000,133169.25715980236,MeadowV
689,194700,187219.33117540405,NridgHt
851,215000,196791.25146354124,Blmngtn
159,320000,255613.03804706573,Gilbert
895,140000,169325.31933068435,NAmes
1192,125000,124017.3486747834,OldTown
257,220000,228499.22447395683,CollgCr
335,228950,220311.4147230546,Timber
1371,165500,184909.23683444827,NAmes
1039,80000,80549.75012909979,MeadowV
515,402861,375103.38213862735,NridgHt
1015,227000,208461.14262041115,NWAmes
768,216837,231831.4064738402,CollgCr
1292,107500,95490.60662795692,OldTown
761,100000,115106.16689013317,BrkSide
1074,194000,186192.8647649117,CollgCr
521,150000,157617.43814839865,NAmes
22,230000,241637.87895997846,CollgCr
356,173000,170731.98622052628,Gilbert
1451,287090,238373.79450089962,Somerst
340,202900,217419.31168782056,Timber
431,79900,111810.68525040912,OldTown
473,440000,318248.66181142034,NridgHt
217,107000,104032.7954464138,OldTown
911,143500,166189.73400461965,CollgCr
1172,171900,155000.44777731667,Somerst
1011,100000,108443.50890137255,Edwards
1420,179900,167162.95008338906,NWAmes
93,133900,188337.46499359747,OldTown
1008,240000,253717.31538485366,Mitchel
696,89000,96194.00588495424,BrkSide
996,136500,122910.9499714828,NAmes
153,235000,199640.68033313012,ClearCr
1307,138000,145752.77071630632,CollgCr
1458,142125,143163.0118962494,NAmes
789,187500,228801.80583210272,ClearCr
580,181900,200523.75133036755,NAmes
703,140000,137076.44322319713,OldTown
1225,145000,136277.90017120753,NAmes
487,175000,185483.40335510566,NWAmes
559,234000,186382.33322337177,Blmngtn
801,109900,122440.40835472327,IDOTRR
512,129900,115661.17425489279,NAmes
633,139400,142758.9745478663,NAmes
1302,290000,345384.3644975305,NoRidge
790,160200,161489.9526193012,Blmngtn
116,139000,128797.19482363127,Sawyer
740,132000,113193.44977028958,OldTown
830,166000,171146.04187111103,NAmes
119,163990,170538.96303078183,CollgCr
656,145500,147779.7375728526,NAmes
635,200000,145916.06555487524,SWISU
369,162000,172602.0175297785,NAmes
268,120500,105011.41569763876,IDOTRR
655,88000,98580.35995398083,BrDale
935,79900,82383.52236611892,BrkSide
822,225000,199648.4142772734,Gilbert
866,248900,267258.63312743645,Timber
46,239686,313895.12178500055,Mitchel
1287,190000,163626.1049014905,ClearCr
991,168000,181354.16908520198,OldTown
876,132250,139665.35345442302,Mitchel
773,114500,118000.67698546013,NAmes
4,250000,289694.40069172427,NoRidge
1003,136905,145162.61130104246,NWAmes
1268,381000,406683.8692549103,Crawfor
263,130000,121586.48212247496,OldTown
1360,189000,162746.0414193972,SWISU
1334,125000,121783.08335359587,BrDale
443,172500,176819.6566817983,Blmngtn
1002,232000,241465.29985974036,Somerst
1077,138800,141112.08584783564,NAmes
837,100000,98022.67640337866,BrDale
1304,130000,145985.6544578066,Edwards
304,295000,304792.9474900426,OldTown
1211,164000,183520.43797804596,Gilbert
313,375000,255043.67216513713,Timber
149,115000,109891.74775207488,BrkSide
574,139000,115073.6814831022,NAmes
50,177000,185708.72587000742,Gilbert
1140,139000,131724.71929569755,NAmes
726,222000,221333.21398345893,Crawfor
833,167000,160705.5179868276,NAmes
1115,318000,297738.4196177484,NridgHt
470,212000,230607.88545828767,StoneBr
971,173000,156952.09461644432,NridgHt
653,135000,132194.2047579935,IDOTRR
399,241000,203575.98359669192,Somerst
511,202665,188384.85420314872,NridgHt
320,342643,354333.71255415224,NridgHt
19,139000,117402.65488938932,NAmes
684,221000,201768.02775170509,NoRidge
35,309000,315559.75678429176,NridgHt
902,180000,183860.58719170836,Gilbert
827,189000,194140.04801722485,SawyerW
1309,179200,175258.27867537914,SawyerW
407,177000,170336.61512701015,Crawfor
920,201000,197126.12180896234,SawyerW
537,111250,118276.35280536552,NAmes
758,179400,153617.31840669605,Somerst
1062,90000,129106.69013765299,OldTown
245,241500,223719.63944250142,NWAmes
1127,259000,228812.50129671476,Gilbert
784,128000,126765.62859233705,OldTown
489,86000,103441.47744993475,MeadowV
154,125000,106923.14360022664,OldTown
961,272000,231968.52202152766,NWAmes
853,158000,185590.8812723548,NAmes
625,160000,141001.2146497169,NAmes
685,207500,235189.18480858897,StoneBr
569,135960,142182.82697335826,NAmes
1399,137450,150966.6754277792,SWISU
17,90000,117541.53738293471,Sawyer
127,87000,85472.8025672925,OldTown
927,176000,174452.81781723688,NWAmes
980,178400,177000.46193270478,NAmes
1431,143750,124753.66071784277,NPkVill
190,315000,319478.0362437599,Crawfor
1139,144000,116205.15700159568,BrkSide
992,187000,210066.97097828056,NAmes
1425,142000,144892.32393384492,NAmes
1218,80500,61723.27475400043,BrkSide
606,152000,141282.87625432987,CollgCr
180,177000,167433.36709432997,Somerst
301,267000,259972.02440204102,CollgCr
496,430000,346639.42162048107,NoRidge
1258,190000,189829.71177071158,Gilbert
1222,143000,150146.915207781,NAmes
1204,153500,151221.43126004658,NWAmes
517,265000,241125.9197033864,NoRidge
1069,135000,135996.82930686313,NAmes
476,208900,211821.6275130018,CollgCr
157,269500,273383.082120564,Timber
16,149000,148806.02566710583,NAmes
1072,91500,122695.34639181629,Edwards
546,210000,170847.35834539722,BrkSide
658,97500,134286.49713667494,NAmes
1193,165000,153805.89892663475,Mitchel
1019,213490,195623.16977133666,Blmngtn
1223,137900,125134.21950154936,NAmes
959,155000,163025.16330864164,Somerst
1373,466500,373148.99159198225,NoRidge
283,244600,225213.3252530185,Somerst
797,110000,96309.0390378408,NAmes
225,112000,103222.1637123871,BrDale
26,134800,137152.3433706075,NAmes
437,119000,108075.10631433314,BrkSide
1419,223000,215467.13310420825,Crawfor
229,192500,190788.5119849107,Blmngtn
37,153000,155944.5593813393,NAmes
749,98000,77156.45285765991,Edwards
1045,139600,128379.03548785204,Edwards
469,187000,188880.82365930028,SawyerW
1245,178000,193363.10566767352,NWAmes
1434,160000,161885.555566389,Mitchel
687,148800,154172.21619405743,Somerst
1343,177000,156854.71028754258,Crawfor
639,264561,251336.32678214047,Blmngtn
1261,128900,118817.58925818808,NAmes
1158,235128,237286.01285356237,Somerst
1217,229456,245453.52983812918,Somerst
1328,256000,196313.43915820727,OldTown
800,200000,198476.59050843294,ClearCr
160,162500,158145.76772966931,Veenker
956,124000,121466.43236020936,Blueste
1186,95000,115979.10597446523,OldTown
821,93000,89309.23000865696,OldTown
1237,195000,210638.03931423297,CollgCr
877,350000,348277.01054765284,NridgHt
913,145000,148976.36027071363,Crawfor
152,190000,199933.87642632335,NWAmes
1338,200000,213211.59745661152,CollgCr
509,124500,140524.66183069785,NAmes
1135,102000,102109.31748522905,BrkSide
1251,171750,176710.79919361245,NridgHt
103,198900,184620.64849694664,CollgCr
586,130000,122560.79630044161,BrkSide
1380,58500,78733.03988659818,Edwards
1143,80000,93633.22100088932,Sawyer
53,385000,347222.36721605476,Veenker
151,372402,302168.09918463655,NridgHt
403,258000,260365.6463872913,NoRidge
1416,122500,124440.88517980481,OldTown
207,141000,131298.05693986051,NAmes
1381,237500,219701.68588487437,NAmes
1122,112000,92287.75682654472,Edwards
8,129900,137540.60352631804,OldTown
1014,119200,126172.96267943596,NAmes
1308,147000,130796.92505246418,OldTown
1060,213500,208296.79029826607,StoneBr
452,204000,198021.39621591812,Timber
253,158000,173681.05643727328,NAmes
896,106500,97947.46929318644,IDOTRR
1378,83000,92156.55736529623,BrDale
880,157000,149162.71214572684,Edwards
1377,117000,130812.35247459692,Edwards
623,168500,175095.13090214372,Somerst
345,140200,133333.65197531186,BrkSide
1253,294000,248203.74455421016,Veenker
262,151000,160182.7371323535,Sawyer
150,122000,138953.6270988321,CollgCr
472,148000,131625.08039707175,Edwards
640,274000,266525.861734417,NridgHt
1446,157900,158210.36264806593,Mitchel
1374,250000,229995.09970256506,Somerst
550,140000,143655.52270426712,NPkVill
928,236500,243235.44060905423,CollgCr
488,160000,120769.30179427251,OldTown
1321,72500,83685.51043453357,BrkSide
1171,163000,158096.23270834543,NAmes
146,105000,108019.47189279879,BrkSide
402,108000,115095.4970192632,Sawyer
954,127500,132476.74573291992,Edwards
1404,105000,93865.56266064972,OldTown
659,167000,143552.21793682897,Edwards
463,188700,180048.49257375658,Crawfor
186,173000,179447.60827409878,Mitchel
1147,174500,176893.3939128282,Crawfor
1224,184000,176851.19733174564,Gilbert
608,359100,427931.51619765186,Crawfor
143,204000,214205.30933064656,CollgCr
751,162000,169324.8630263561,Gilbert
981,336000,369180.4542549598,NoRidge
197,235000,338174.8095660767,NAmes
883,118500,117743.84634330368,SWISU
279,192000,211793.65466227598,ClearCr
293,235000,219817.9799601505,NWAmes
1329,176500,179859.43471885766,Gilbert
400,245500,247272.0278509211,Veenker
122,136000,136160.4221343649,NAmes
1207,200000,196819.90575994036,CollgCr
202,112000,112478.38099893444,OldTown
835,128000,141305.19745348702,Sawyer
246,137000,143312.56124804122,OldTown
1386,250000,308425.8915530354,NWAmes
1372,274300,259623.31451532687,CollgCr
1153,120500,121310.92835354515,IDOTRR
384,240000,212874.1860923018,ClearCr
1288,278000,253219.9859094731,StoneBr
854,170000,157858.6797042668,Sawyer
219,167240,181628.03763082216,Blmngtn
641,226000,240513.1158213939,Somerst
1,181500,172168.78905089066,Veenker
112,383970,334763.7989477659,CollgCr
698,138500,133638.82752551758,Sawyer
1393,163000,161286.1967148667,OldTown
951,119900,119981.06376673371,SawyerW
1283,139000,148878.773370466,Mitchel
1318,275000,269883.34089013014,CollgCr
441,118000,117943.91371193215,Edwards
1136,119000,115297.67063731639,NAmes
1256,301500,330197.89277337154,NoRidge
663,137500,149737.17100434777,Edwards
1433,186500,185349.33113254837,Gilbert
1257,99900,85768.30017868638,Edwards
1296,155000,143577.79653826918,NAmes
317,270000,269820.39975002775,Somerst
648,155000,163923.60547983513,NAmes
709,109900,116145.62605492708,Sawyer
1282,150500,155203.9111047249,CollgCr
972,99500,127972.39887671312,SawyerW
627,153000,173361.2301846138,NAmes
632,82500,170906.30591872288,NWAmes
1248,129500,160637.127430719,OldTown
1423,274970,184652.96431357187,Edwards
1254,165400,171835.12934296386,Edwards
1348,215000,230689.90282908196,SawyerW
795,171000,162272.8397963088,SawyerW
645,143250,122716.54475974043,NAmes
1012,165000,163045.22903997367,Crawfor
556,141000,148867.45915729104,NAmes
681,159434,106667.27182543185,SWISU
577,164500,159509.7174541815,Sawyer
1109,280000,336028.4191820362,NridgHt
1266,122000,121857.65812985328,OldTown
1183,120000,145159.6947522943,OldTown
524,315750,273095.52743427735,NoRidge
1059,220000,187330.33866305233,Crawfor
540,315000,343104.15882912464,Timber
1194,158000,133543.90496451058,Sawyer
748,260400,239208.30728900246,NoRidge
1351,171000,169384.94887090556,NAmes
484,132500,136529.19684365904,Sawyer
95,185000,175995.09904280864,Gilbert
1020,176000,159854.94542251,Edwards
563,185000,174606.720284531,Edwards
1264,181000,187379.2818439608,NAmes
742,179000,172096.23331156676,SawyerW
863,132500,144133.46064676883,NAmes
891,172500,168436.25520801754,Sawyer
1038,97000,110751.02340382658,MeadowV
206,143900,130261.73575799444,Sawyer
392,106500,113367.58855093847,NAmes
794,194500,199356.7238163391,Gilbert
870,109500,99697.69496844968,NAmes
397,169500,150684.14923904548,NAmes
766,196500,188546.80887643024,NWAmes
1341,155000,157890.19721264113,SawyerW
1241,248328,244178.32512387203,Somerst
1028,105000,134995.26205009536,NAmes
642,345000,432366.9901523934,NAmes
612,261500,277307.42845843884,CollgCr
960,116500,123396.60367825089,BrkSide
725,120500,114584.67371065992,NAmes
683,285000,295469.051410269,CollgCr
98,83000,70204.28029575328,Edwards
804,118000,113641.66778361396,NAmes
406,115000,123906.04961208042,SWISU
502,140000,132928.9097755843,Edwards
1071,154000,153928.31359814957,NWAmes
1056,185850,207102.36429274976,NridgHt
929,222000,230027.73768939258,Gilbert
779,135000,147372.78261955286,Mitchel
200,140000,134987.0885544495,Edwards
134,180000,167879.46752857225,Sawyer
1051,200141,207394.4648970164,CollgCr
40,160000,143579.27744339258,NAmes
1017,187500,180914.64632004686,StoneBr
230,148000,134860.2040290964,NAmes
378,394432,377278.138770115,StoneBr
288,122000,113371.84046253384,Sawyer
418,126000,115002.63113038141,Edwards
391,215000,229756.06837279213,Mitchel
592,138000,143724.14686297206,Mitchel
1162,129000,129859.36121843259,Sawyer
1086,83500,103295.53450170513,MeadowV
647,155000,144517.00454236066,Edwards
1152,230000,196403.994275712,Crawfor
520,106250,85897.65241093881,OldTown
64,219500,237443.78633867172,CollgCr
14,157000,155507.5149680416,NAmes
1180,250000,253805.7462543642,Timber
1064,154000,156565.69969159493,NAmes
492,172785,177478.70238003455,Gilbert
379,179000,179844.3482980817,Gilbert
187,135000,134595.5870242502,OldTown
763,337000,346344.0130010902,NoRidge
216,210000,209761.1243438227,CollgCr
791,146800,157488.8507344682,Mitchel
1076,170000,163450.35628823098,OldTown
878,148000,159398.33179928683,Sawyer
337,214000,224612.57037741845,CollgCr
719,128500,135144.5386353214,CollgCr
295,142500,149332.16316778088,Mitchel
1016,203000,242694.0147188773,CollgCr
1275,137000,130846.29286296466,NAmes
455,175500,152373.0075440036,NWAmes
1457,266500,250700.6560987776,Crawfor
815,224900,230582.66433703373,CollgCr
269,148000,154833.52160895255,Edwards
995,121600,114002.16114458417,BrkSide
201,171500,169123.10391836977,Mitchel
161,412500,416624.6960676458,NridgHt
729,103000,94400.23416784176,IDOTRR
401,164990,200083.84221491835,CollgCr
702,361919,321508.7627215771,StoneBr
1129,140000,131196.7782351372,OldTown
565,128000,124527.36377113555,SWISU
1021,194000,195756.06529650188,CollgCr
1025,112500,127562.54618150488,CollgCr
1104,106000,115399.49026932991,BrDale
205,180500,174058.3937491738,Gilbert
34,277500,280336.9683833866,NridgHt
775,162000,155066.48575794458,Mitchel
508,161000,149579.38302563812,OldTown
1441,149300,135971.1907046766,CollgCr
1390,235000,223423.88094217394,CollgCr
91,98600,125804.66894720905,NAmes
1363,156932,153835.51093781987,Gilbert
897,142953,148855.87574903228,SawyerW
564,268000,245586.5709650363,NoRidge
1369,232000,252857.24231197505,CollgCr
776,221500,225406.08566796218,CollgCr
241,110500,86417.45811467405,OldTown
13,279500,208095.81594686487,CollgCr
315,188500,182688.75217199462,Gilbert
600,275000,270334.2866254292,NridgHt
387,125000,142863.54630263176,Edwards
1297,140000,153823.5375689051,Edwards
166,190000,167113.04234975541,ClearCr
840,140000,149631.32378857528,SWISU
20,325300,311102.6540049885,NridgHt
646,98300,101724.12758348676,NAmes
1154,201800,214969.23913120202,NAmes
831,151000,148146.58163199012,Somerst
1267,378500,356101.1948938434,Timber
562,108000,114220.76420728775,Edwards
1422,136500,141396.53664741796,CollgCr
686,227875,225660.0565867243,Somerst
957,132000,123153.91859471824,Sawyer
189,286000,277715.1668055769,StoneBr
975,165000,161661.60630950448,Somerst
699,196000,202545.81844951876,Somerst
510,164900,164247.40521077716,NAmes
1082,192000,195703.90618301695,CollgCr
474,251000,278210.6223644694,StoneBr
856,147000,137699.32430096169,CollgCr
747,265979,262600.8091962258,OldTown
252,173000,172555.1058595689,SawyerW
21,139400,146118.09498094043,IDOTRR
1337,52500,57636.49714784236,OldTown
459,110000,111792.41763101093,BrkSide
1184,186700,182789.3368562154,Timber
276,201000,206160.36682809348,Mitchel
955,145000,177486.1084423604,Crawfor
1215,125000,110663.35626869957,Sawyer
385,192000,173547.56903350184,Blmngtn
805,227680,209029.39900500403,Somerst
1437,394617,352492.2598632083,NridgHt
343,266000,268683.4140819239,NridgHt
769,538000,456150.52561599144,StoneBr
1332,100000,117956.38454156944,Edwards
130,226000,221748.35213361814,NAmes
871,200500,185738.08514759562,CollgCr
1123,118000,90366.99520846801,Edwards
1396,160000,162417.2059059053,Timber
87,164500,165770.70037250847,Somerst
330,119000,135782.20085052197,NAmes
1238,142500,142837.99106422704,SawyerW
466,167000,168575.08281326437,NAmes
121,100000,104604.8137771489,IDOTRR
1044,278000,288888.46346139663,NWAmes
1095,176432,178410.01298440772,CollgCr
1130,135000,163108.38628248766,SWISU
1294,115000,120587.79024099882,Edwards
860,189950,174965.10317260452,Crawfor
1126,174000,222743.50388749278,Blmngtn
